{
  "exp1": {
    "condition_stats": {
      "baseline_baseline": {
        "n": 11,
        "mean": 2.272727272727273,
        "std": 0.616575453011388
      },
      "baseline_cot": {
        "n": 11,
        "mean": 2.4545454545454546,
        "std": 0.49792959773196915
      },
      "baseline_got": {
        "n": 12,
        "mean": 2.5833333333333335,
        "std": 0.6400954789890506
      },
      "baseline_tot": {
        "n": 12,
        "mean": 1.1666666666666667,
        "std": 0.6871842709362768
      },
      "iot_l2_baseline": {
        "n": 12,
        "mean": 2.6666666666666665,
        "std": 0.6236095644623237
      },
      "iot_l2_cot": {
        "n": 13,
        "mean": 2.230769230769231,
        "std": 1.0490908997681427
      },
      "iot_l2_got": {
        "n": 11,
        "mean": 2.6363636363636362,
        "std": 0.6428243465332251
      },
      "iot_l2_tot": {
        "n": 11,
        "mean": 2.3636363636363638,
        "std": 0.77138921583987
      }
    },
    "model_stats": {
      "deepseek-r1:7b": {
        "baseline": 2.090909090909091,
        "iot": 2.25,
        "delta": 0.15909090909090917,
        "uplift": 7.6086956521739175
      },
      "gemma3:12b": {
        "baseline": 2.25,
        "iot": 2.5833333333333335,
        "delta": 0.3333333333333335,
        "uplift": 14.814814814814822
      },
      "mistral:latest": {
        "baseline": 1.75,
        "iot": 2.5,
        "delta": 0.75,
        "uplift": 42.857142857142854
      },
      "phi4:14b": {
        "baseline": 2.375,
        "iot": 2.5,
        "delta": 0.125,
        "uplift": 5.263157894736842
      },
      "qwen2.5:7b": {
        "baseline": 2.0,
        "iot": 2.875,
        "delta": 0.875,
        "uplift": 43.75
      },
      "qwen3.5:9b": {
        "baseline": 0,
        "iot": 0.0,
        "delta": 0.0,
        "uplift": 0
      }
    }
  }
}